x1,x2,label
4.37,374.2,0
7.42,522.4,1
6.43,426.7,1
7.98,471.3,1
3.20,364.5,0
5.10,281.1,0
6.21,281.3,0
6.20,436.1,1
5.23,382.3,0
5.40,478.8,1
6.01,476.9,1
4.85,396.1,1
3.23,88.0,0
6.44,357.6,1
3.73,366.3,0
2.07,226.6,0
1.99,345.1,0
7.26,442.6,1
2.65,178.4,0
6.83,397.0,1
5.05,426.4,1
5.67,406.5,1
1.81,197.8,0
3.96,260.8,0
4.93,369.6,1
2.79,353.7,0
5.53,442.8,1
4.59,397.2,1
3.62,384.1,0
4.24,399.1,1
4.22,519.6,1
4.11,176.0,0
5.52,231.8,1
9.62,354.2,1
5.10,382.8,1
5.52,448.6,0
6.91,447.5,1
4.23,291.4,0
5.38,380.0,0
3.95,166.6,0
4.85,282.2,0
6.70,512.4,1
6.27,385.4,1
6.04,446.7,1
4.75,300.0,0
5.27,368.4,0
7.64,394.2,1
3.33,121.6,0
4.78,409.7,1
4.39,296.5,0
4.40,464.4,1
6.84,524.2,1
4.84,181.8,0
5.94,277.4,0
5.07,481.1,1
4.75,490.0,1
5.20,345.2,0
4.64,370.4,0
2.28,174.4,0
6.83,414.3,1
6.34,447.9,1
4.84,565.1,1
3.09,141.0,0
6.00,384.7,1
6.53,367.9,1
5.93,388.9,1
6.00,264.5,1
4.51,390.8,0
6.76,414.0,1
5.02,156.0,0
2.31,291.2,0
4.92,203.8,0
4.20,225.2,0
4.27,291.3,0
2.34,158.9,0
5.17,391.1,0
3.09,249.9,0
1.99,191.9,0
6.60,317.2,1
5.86,318.9,1
6.48,510.6,1
4.17,259.1,0
5.33,327.5,1
6.09,437.2,1
6.76,319.4,1
5.45,401.9,1
6.24,324.8,1
5.56,281.5,0
5.19,106.4,0
5.06,364.6,1
3.53,269.6,0
3.89,207.2,0
5.62,175.6,0
6.43,393.9,1
4.78,361.1,1
5.29,464.6,1
4.86,322.7,1
5.34,535.0,1
9.06,237.1,1
6.09,546.6,1
4.08,210.1,0
4.19,81.6,0
5.64,345.4,0
6.10,411.2,1
3.43,331.8,1
7.34,418.7,1
7.52,416.3,1
8.41,454.0,1
2.70,296.6,0
6.20,271.4,0
2.87,353.4,0
5.66,198.4,0
5.73,194.3,1
4.66,397.0,0
4.64,341.8,1
3.81,294.1,0
3.75,172.9,0
5.25,461.8,1
2.18,331.8,0
4.86,304.8,0
6.47,425.2,1
5.57,426.1,1
4.26,352.0,0
3.24,144.2,0
5.96,436.1,1
5.29,173.5,0
5.52,387.7,1
5.36,208.6,1
5.75,256.0,1
4.92,358.9,0
5.56,357.5,0
4.16,61.3,0
3.71,324.9,0
6.87,450.9,1
5.94,466.5,1
6.54,429.1,1
4.66,301.5,0
3.60,151.2,0
5.79,437.7,1
3.70,209.7,0
2.87,150.6,0
6.00,372.9,1
5.20,524.2,1
7.28,436.9,1
3.11,327.0,0
3.73,316.1,0
6.03,371.5,1
5.63,333.2,1
5.78,231.2,1
3.35,263.6,0
5.38,382.4,1
6.15,218.2,1
3.00,234.3,0
3.18,178.0,0
6.86,434.5,1
6.75,408.3,1
6.32,426.7,1
4.21,411.9,0
3.51,361.8,0
3.72,200.9,0
7.06,368.9,1
4.77,373.1,1
4.51,281.0,0
6.46,491.7,1
6.91,577.8,1
4.83,290.9,0
7.05,458.8,0
5.69,231.1,0
3.33,232.4,0
5.30,246.5,1
5.13,562.0,1
3.67,99.4,0
3.39,345.8,0
4.84,445.2,1
6.94,236.3,0
6.22,422.5,1
3.85,270.4,0
5.11,440.6,1
6.78,288.5,1
3.60,163.5,0
5.39,225.2,1
3.61,248.2,0
5.18,229.9,0
5.13,405.7,1
3.55,288.2,0
6.48,395.8,1
4.06,70.8,0
4.67,372.3,0
4.36,211.9,0
3.26,223.0,0
7.60,322.5,1
6.18,423.1,1
4.30,307.2,0
7.38,396.4,1
6.81,453.8,1
4.41,219.4,0
3.39,372.8,0
3.68,285.0,0
6.39,360.7,1
5.62,364.2,1
7.08,329.9,1
6.36,253.2,1
6.77,488.2,1
5.27,429.6,1
7.11,403.4,1
4.54,144.0,0
5.36,172.3,0
3.48,270.9,0
6.71,437.7,1
5.73,349.8,1
3.63,240.8,0
5.88,160.9,0
3.48,325.1,0
2.19,114.3,0
4.75,251.1,0
2.50,398.1,0
4.56,272.0,0
5.85,326.8,1
5.69,325.0,1
2.87,234.9,0
2.98,106.7,0
5.68,452.1,1
5.43,443.6,1
3.37,340.9,0
6.45,437.0,1
5.71,374.1,1
5.84,313.3,0
6.78,443.4,1
4.50,342.0,0
5.39,488.7,1
3.37,162.3,0
6.27,297.9,1
4.71,257.3,1
3.77,238.5,0
6.09,422.4,1
3.79,197.9,0
5.22,369.9,1
4.76,408.2,1
4.95,400.7,1
5.03,198.0,0
4.40,256.4,0
5.16,401.4,1
5.82,508.8,1
7.16,459.2,1
4.19,353.1,0
5.22,514.2,1
4.84,89.2,0
7.43,452.1,1
4.84,431.1,1
2.96,64.2,0
4.69,191.2,0
3.58,438.7,0
4.47,171.8,0
4.22,336.0,0
3.78,362.9,0
3.17,264.5,0
7.43,466.0,1
6.76,554.5,1
6.41,444.3,1
7.17,456.5,1
4.36,412.2,1
7.19,351.9,1
3.96,171.4,0
4.29,85.1,0
6.17,510.8,1
5.40,78.5,0
4.08,268.2,0
4.75,286.5,0
5.70,348.2,1
3.43,244.5,0
3.61,230.3,0
3.29,394.7,0
4.41,463.0,1
6.49,368.7,1
3.17,151.3,0
7.62,452.3,1
3.98,211.2,0
4.72,329.2,0
2.71,80.8,0
4.81,349.3,1
4.46,360.2,0
4.40,304.6,0
3.58,165.7,0
6.12,328.4,1
2.72,349.4,0
2.76,152.4,0
6.09,245.5,0
6.84,399.7,1
4.97,469.7,1
6.03,285.6,1
8.05,323.4,1
5.94,550.9,1
4.58,377.1,0
2.72,182.8,0
4.90,243.4,0
6.16,196.8,1
6.70,397.8,1
4.34,308.4,0
5.93,506.8,1
4.54,244.3,0
